county_name,election_year,governor_name,party,vote_share,total_votes,registered_voters,turnout_percentage
Mombasa,2013,John Akinyi,NASA,54.49,455983,634034,71.92
Mombasa,2017,Peter Otieno,TNA,60.68,530878,760841,69.78
Mombasa,2022,Grace Kamau,ODM,47.08,620499,919350,67.49
Kwale,2013,David Njeri,UDA,64.09,288486,411517,70.1
Kwale,2017,David Kipchoge,Jubilee,36.68,330491,493821,66.93
Kwale,2022,James Ochieng,CORD,49.62,454916,596700,76.24
Kilifi,2013,Jane Akinyi,Azimio,35.22,370279,557283,66.44
Kilifi,2017,David Njeri,CORD,55.66,538685,668739,80.55
Kilifi,2022,David Kimani,CORD,41.69,501434,808060,62.05
Tana River,2013,Anne Ochieng,CORD,39.89,263907,385806,68.4
Tana River,2017,Mary Kipchoge,UDA,51.65,337738,462967,72.95
Tana River,2022,James Kimani,NASA,38.1,367861,559419,65.76
Lamu,2013,Peter Mwangi,CORD,53.35,63508,104917,60.53
Lamu,2017,David Otieno,NASA,48.67,76575,125901,60.82
Lamu,2022,David Mwangi,NASA,64.14,115263,152130,75.77
Taita-Taveta,2013,Anne Kimani,NASA,54.0,255817,386947,66.11
Taita-Taveta,2017,Peter Kamau,Jubilee,43.87,374700,464336,80.7
Taita-Taveta,2022,Jane Otieno,UDA,48.84,385923,561073,68.78
Garissa,2013,Sarah Kipchoge,ODM,61.17,364913,533283,68.43
Garissa,2017,Mary Mutua,ODM,61.41,474732,639940,74.18
Garissa,2022,James Akinyi,Azimio,36.01,566254,773260,73.23
Wajir,2013,Peter Wanjiru,Jubilee,49.7,81081,122606,66.13
Wajir,2017,James Wanjiru,TNA,54.12,94995,147127,64.57
Wajir,2022,Anne Kimani,NASA,50.92,117051,177779,65.84
Mandera,2013,Mary Mutua,NASA,59.69,464156,769839,60.29
Mandera,2017,James Otieno,Jubilee,35.11,669738,923807,72.5
Mandera,2022,Patrick Otieno,ODM,57.47,731745,1116267,65.55
Marsabit,2013,James Kamau,Jubilee,63.4,194646,247016,78.8
Marsabit,2017,Peter Akinyi,CORD,41.74,183890,296419,62.04
Marsabit,2022,Patrick Mwangi,Azimio,53.68,228242,358174,63.72
Isiolo,2013,James Ochieng,UDA,40.07,230016,367831,62.53
Isiolo,2017,Sarah Akinyi,TNA,47.68,305374,441397,69.18
Isiolo,2022,John Akinyi,ODM,54.61,363020,533355,68.06
Meru,2013,Grace Kipchoge,TNA,62.93,473986,739132,64.13
Meru,2017,Sarah Ochieng,NASA,47.38,697111,886958,78.6
Meru,2022,David Njeri,TNA,50.85,797127,1071741,74.38
Tharaka-Nithi,2013,Anne Mwangi,ODM,61.2,108521,128404,84.52
Tharaka-Nithi,2017,John Kipchoge,NASA,55.43,98801,154085,64.12
Tharaka-Nithi,2022,Patrick Otieno,NASA,58.5,136108,186186,73.1
Embu,2013,Jane Mwangi,Azimio,56.76,278262,440060,63.23
Embu,2017,Grace Mwangi,Azimio,54.48,446557,528072,84.56
Embu,2022,Mary Njeri,Azimio,44.69,486303,638087,76.21
Kitui,2013,Peter Kamau,TNA,35.93,210360,252310,83.37
Kitui,2017,Mary Ochieng,ODM,43.64,204409,302772,67.51
Kitui,2022,Patrick Ochieng,TNA,40.95,262423,365849,71.73
Machakos,2013,David Kipchoge,NASA,39.32,159918,194452,82.24
Machakos,2017,John Mutua,UDA,45.37,142360,233342,61.01
Machakos,2022,Jane Mutua,NASA,59.05,177698,281955,63.02
Makueni,2013,David Kamau,TNA,55.63,110258,179515,61.42
Makueni,2017,Patrick Otieno,ODM,35.87,147181,215418,68.32
Makueni,2022,Grace Ochieng,CORD,36.33,215747,260297,82.89
Nyandarua,2013,Sarah Mwangi,ODM,59.98,395015,613934,64.34
Nyandarua,2017,Jane Kimani,TNA,35.82,576609,736721,78.27
Nyandarua,2022,Patrick Wanjiru,CORD,54.94,752209,890205,84.5
Nyeri,2013,James Kimani,CORD,49.59,324250,485525,66.78
Nyeri,2017,James Akinyi,ODM,41.34,399697,582630,68.6
Nyeri,2022,Patrick Njeri,Azimio,59.17,589334,704011,83.71
Kirinyaga,2013,Patrick Kipchoge,ODM,63.13,209576,274971,76.22
Kirinyaga,2017,James Njeri,UDA,57.48,225003,329966,68.19
Kirinyaga,2022,Patrick Akinyi,NASA,54.13,296478,398709,74.36
Murang'a,2013,Anne Mwangi,CORD,63.48,655355,771128,84.99
Murang'a,2017,John Kimani,CORD,40.43,776756,925354,83.94
Murang'a,2022,James Kamau,ODM,58.99,874228,1118136,78.19
Kiambu,2013,John Njeri,Azimio,37.73,332044,439010,75.63
Kiambu,2017,David Kamau,Jubilee,55.75,420903,526812,79.9
Kiambu,2022,John Kamau,Jubilee,52.97,445605,636564,70.0
Turkana,2013,Peter Mutua,Azimio,57.58,322796,384865,83.87
Turkana,2017,Grace Otieno,UDA,38.18,357322,461838,77.37
Turkana,2022,Grace Kamau,CORD,36.04,399752,558054,71.63
West Pokot,2013,Grace Kipchoge,Azimio,46.44,279551,432237,64.68
West Pokot,2017,John Njeri,UDA,48.78,397603,518684,76.66
West Pokot,2022,Grace Ochieng,UDA,45.8,442231,626744,70.56
Samburu,2013,Jane Kamau,TNA,56.43,441598,582868,75.76
Samburu,2017,Patrick Njeri,TNA,36.61,501998,699442,71.77
Samburu,2022,James Kamau,NASA,35.75,630924,845159,74.65
Trans-Nzoia,2013,Grace Akinyi,Azimio,58.1,585396,752079,77.84
Trans-Nzoia,2017,John Njeri,ODM,38.5,642742,902495,71.22
Trans-Nzoia,2022,James Otieno,UDA,62.77,687073,1090515,63.0
Uasin Gishu,2013,Sarah Akinyi,CORD,47.28,323432,415706,77.8
Uasin Gishu,2017,Grace Mutua,NASA,63.82,308079,498847,61.76
Uasin Gishu,2022,John Kipchoge,NASA,48.52,416898,602774,69.16
Elgeyo-Marakwet,2013,John Kamau,NASA,47.27,484977,724098,66.98
Elgeyo-Marakwet,2017,Patrick Kimani,CORD,56.0,650799,868917,74.9
Elgeyo-Marakwet,2022,John Kipchoge,TNA,52.6,758524,1049942,72.24
Nandi,2013,Jane Akinyi,CORD,61.79,217895,273449,79.68
Nandi,2017,Anne Wanjiru,CORD,40.75,198045,328139,60.35
Nandi,2022,Jane Otieno,UDA,51.02,311260,396501,78.5
Baringo,2013,Anne Njeri,Jubilee,43.42,276401,404443,68.34
Baringo,2017,Jane Wanjiru,ODM,42.33,404269,485332,83.3
Baringo,2022,Sarah Mutua,NASA,59.19,374197,586443,63.81
Laikipia,2013,James Njeri,Azimio,64.09,329879,525941,62.72
Laikipia,2017,Anne Mwangi,UDA,63.36,519532,631129,82.32
Laikipia,2022,Mary Kipchoge,Azimio,39.65,573883,762614,75.25
Nakuru,2013,Patrick Kipchoge,ODM,50.04,455370,598989,76.02
Nakuru,2017,Patrick Ochieng,UDA,59.05,462374,718787,64.33
Nakuru,2022,Peter Mutua,Jubilee,40.74,623733,868534,71.81
Narok,2013,Mary Kimani,UDA,63.35,535399,795549,67.3
Narok,2017,Grace Wanjiru,Jubilee,37.43,775751,954659,81.26
Narok,2022,Mary Njeri,NASA,45.73,752229,1153547,65.21
Kajiado,2013,John Mwangi,NASA,36.38,338539,514315,65.82
Kajiado,2017,John Ochieng,Azimio,45.45,383706,617178,62.17
Kajiado,2022,Jane Kimani,Jubilee,60.06,601107,745757,80.6
Kericho,2013,Jane Mwangi,ODM,58.53,362614,460767,78.7
Kericho,2017,Patrick Mutua,Jubilee,46.46,451288,552920,81.62
Kericho,2022,Patrick Kimani,Jubilee,61.47,490774,668112,73.46
Bomet,2013,Grace Kimani,CORD,62.9,147302,193034,76.31
Bomet,2017,Grace Akinyi,Jubilee,56.25,180944,231641,78.11
Bomet,2022,Jane Kamau,CORD,50.35,168054,279900,60.04
Kakamega,2013,Peter Njeri,NASA,49.94,463563,764747,60.62
Kakamega,2017,Jane Wanjiru,UDA,43.61,729818,917696,79.53
Kakamega,2022,Peter Mutua,TNA,35.21,769196,1108883,69.37
Vihiga,2013,John Kimani,CORD,51.87,205732,275080,74.79
Vihiga,2017,Jane Ochieng,Jubilee,58.56,202700,330096,61.41
Vihiga,2022,Anne Ochieng,TNA,61.33,335091,398866,84.01
Bungoma,2013,John Mutua,TNA,52.64,589287,717820,82.09
Bungoma,2017,Anne Kimani,CORD,38.48,662043,861385,76.86
Bungoma,2022,Sarah Ochieng,ODM,55.2,866933,1040840,83.29
Busia,2013,James Kipchoge,Jubilee,59.27,500149,758716,65.92
Busia,2017,Peter Otieno,Jubilee,52.76,766527,910459,84.19
Busia,2022,Jane Kipchoge,CORD,64.71,819617,1100138,74.5
Siaya,2013,Mary Akinyi,Jubilee,42.95,650732,792788,82.08
Siaya,2017,Peter Mutua,UDA,37.48,578638,951345,60.82
Siaya,2022,Anne Wanjiru,Azimio,55.53,961885,1149542,83.68
Kisumu,2013,James Kipchoge,CORD,58.13,395431,629152,62.85
Kisumu,2017,Sarah Njeri,TNA,53.69,489886,754983,64.89
Kisumu,2022,Mary Kimani,UDA,57.57,666914,912271,73.1
Homa Bay,2013,Peter Akinyi,NASA,39.05,359119,536799,66.9
Homa Bay,2017,Patrick Mwangi,UDA,56.18,511815,644158,79.45
Homa Bay,2022,Grace Akinyi,UDA,60.41,517955,778358,66.54
Migori,2013,Grace Kamau,Azimio,37.73,433502,538847,80.45
Migori,2017,John Wanjiru,ODM,54.26,498040,646617,77.02
Migori,2022,Sarah Kamau,CORD,46.3,660811,781329,84.58
Kisii,2013,Sarah Mwangi,Jubilee,35.69,501929,663003,75.71
Kisii,2017,Peter Mutua,Azimio,55.74,618896,795604,77.79
Kisii,2022,John Otieno,Jubilee,37.05,643046,961354,66.89
Nyamira,2013,John Akinyi,NASA,59.28,431187,628341,68.62
Nyamira,2017,Peter Kimani,TNA,39.31,488921,754009,64.84
Nyamira,2022,Anne Ochieng,CORD,58.46,675491,911094,74.14
Nairobi,2013,Grace Mutua,ODM,56.04,212486,307570,69.09
Nairobi,2017,Patrick Mwangi,ODM,41.3,272076,369084,73.72
Nairobi,2022,Patrick Wanjiru,UDA,37.06,275350,445977,61.74
