level_type,name,parent_name,code,geojson_data
National,Kenya,,KE,
County,Mombasa,Kenya,KE-01,"{""type"": ""Feature"", ""properties"": {""name"": ""Mombasa"", ""code"": ""KE-01""}, ""geometry"": {""type"": ""Polygon"", ""coordinates"": [[[36.0, -0.5], [36.4, -0.5], [36.4, -0.09999999999999998], [36.0, -0.09999999999999998], [36.0, -0.5]]]}}"
County,Kwale,Kenya,KE-02,"{""type"": ""Feature"", ""properties"": {""name"": ""Kwale"", ""code"": ""KE-02""}, ""geometry"": {""type"": ""Polygon"", ""coordinates"": [[[36.0, 0.0], [36.4, 0.0], [36.4, 0.4], [36.0, 0.4], [36.0, 0.0]]]}}"
County,Kilifi,Kenya,KE-03,"{""type"": ""Feature"", ""properties"": {""name"": ""Kilifi"", ""code"": ""KE-03""}, ""geometry"": {""type"": ""Polygon"", ""coordinates"": [[[36.0, 0.5], [36.4, 0.5], [36.4, 0.9], [36.0, 0.9], [36.0, 0.5]]]}}"
County,Tana River,Kenya,KE-04,"{""type"": ""Feature"", ""properties"": {""name"": ""Tana River"", ""code"": ""KE-04""}, ""geometry"": {""type"": ""Polygon"", ""coordinates"": [[[36.0, 1.0], [36.4, 1.0], [36.4, 1.4], [36.0, 1.4], [36.0, 1.0]]]}}"
County,Lamu,Kenya,KE-05,"{""type"": ""Feature"", ""properties"": {""name"": ""Lamu"", ""code"": ""KE-05""}, ""geometry"": {""type"": ""Polygon"", ""coordinates"": [[[36.0, 1.5], [36.4, 1.5], [36.4, 1.9], [36.0, 1.9], [36.0, 1.5]]]}}"
County,Taita-Taveta,Kenya,KE-06,"{""type"": ""Feature"", ""properties"": {""name"": ""Taita-Taveta"", ""code"": ""KE-06""}, ""geometry"": {""type"": ""Polygon"", ""coordinates"": [[[36.0, 2.0], [36.4, 2.0], [36.4, 2.4], [36.0, 2.4], [36.0, 2.0]]]}}"
County,Garissa,Kenya,KE-07,"{""type"": ""Feature"", ""properties"": {""name"": ""Garissa"", ""code"": ""KE-07""}, ""geometry"": {""type"": ""Polygon"", ""coordinates"": [[[36.5, -1.0], [36.9, -1.0], [36.9, -0.6], [36.5, -0.6], [36.5, -1.0]]]}}"
County,Wajir,Kenya,KE-08,"{""type"": ""Feature"", ""properties"": {""name"": ""Wajir"", ""code"": ""KE-08""}, ""geometry"": {""type"": ""Polygon"", ""coordinates"": [[[36.5, -0.5], [36.9, -0.5], [36.9, -0.09999999999999998], [36.5, -0.09999999999999998], [36.5, -0.5]]]}}"
County,Mandera,Kenya,KE-09,"{""type"": ""Feature"", ""properties"": {""name"": ""Mandera"", ""code"": ""KE-09""}, ""geometry"": {""type"": ""Polygon"", ""coordinates"": [[[36.5, 0.0], [36.9, 0.0], [36.9, 0.4], [36.5, 0.4], [36.5, 0.0]]]}}"
County,Marsabit,Kenya,KE-10,"{""type"": ""Feature"", ""properties"": {""name"": ""Marsabit"", ""code"": ""KE-10""}, ""geometry"": {""type"": ""Polygon"", ""coordinates"": [[[36.5, 0.5], [36.9, 0.5], [36.9, 0.9], [36.5, 0.9], [36.5, 0.5]]]}}"
County,Isiolo,Kenya,KE-11,"{""type"": ""Feature"", ""properties"": {""name"": ""Isiolo"", ""code"": ""KE-11""}, ""geometry"": {""type"": ""Polygon"", ""coordinates"": [[[36.5, 1.0], [36.9, 1.0], [36.9, 1.4], [36.5, 1.4], [36.5, 1.0]]]}}"
County,Meru,Kenya,KE-12,"{""type"": ""Feature"", ""properties"": {""name"": ""Meru"", ""code"": ""KE-12""}, ""geometry"": {""type"": ""Polygon"", ""coordinates"": [[[36.5, 1.5], [36.9, 1.5], [36.9, 1.9], [36.5, 1.9], [36.5, 1.5]]]}}"
County,Tharaka-Nithi,Kenya,KE-13,"{""type"": ""Feature"", ""properties"": {""name"": ""Tharaka-Nithi"", ""code"": ""KE-13""}, ""geometry"": {""type"": ""Polygon"", ""coordinates"": [[[36.5, 2.0], [36.9, 2.0], [36.9, 2.4], [36.5, 2.4], [36.5, 2.0]]]}}"
County,Embu,Kenya,KE-14,"{""type"": ""Feature"", ""properties"": {""name"": ""Embu"", ""code"": ""KE-14""}, ""geometry"": {""type"": ""Polygon"", ""coordinates"": [[[37.0, -1.0], [37.4, -1.0], [37.4, -0.6], [37.0, -0.6], [37.0, -1.0]]]}}"
County,Kitui,Kenya,KE-15,"{""type"": ""Feature"", ""properties"": {""name"": ""Kitui"", ""code"": ""KE-15""}, ""geometry"": {""type"": ""Polygon"", ""coordinates"": [[[37.0, -0.5], [37.4, -0.5], [37.4, -0.09999999999999998], [37.0, -0.09999999999999998], [37.0, -0.5]]]}}"
County,Machakos,Kenya,KE-16,"{""type"": ""Feature"", ""properties"": {""name"": ""Machakos"", ""code"": ""KE-16""}, ""geometry"": {""type"": ""Polygon"", ""coordinates"": [[[37.0, 0.0], [37.4, 0.0], [37.4, 0.4], [37.0, 0.4], [37.0, 0.0]]]}}"
County,Makueni,Kenya,KE-17,"{""type"": ""Feature"", ""properties"": {""name"": ""Makueni"", ""code"": ""KE-17""}, ""geometry"": {""type"": ""Polygon"", ""coordinates"": [[[37.0, 0.5], [37.4, 0.5], [37.4, 0.9], [37.0, 0.9], [37.0, 0.5]]]}}"
County,Nyandarua,Kenya,KE-18,"{""type"": ""Feature"", ""properties"": {""name"": ""Nyandarua"", ""code"": ""KE-18""}, ""geometry"": {""type"": ""Polygon"", ""coordinates"": [[[37.0, 1.0], [37.4, 1.0], [37.4, 1.4], [37.0, 1.4], [37.0, 1.0]]]}}"
County,Nyeri,Kenya,KE-19,"{""type"": ""Feature"", ""properties"": {""name"": ""Nyeri"", ""code"": ""KE-19""}, ""geometry"": {""type"": ""Polygon"", ""coordinates"": [[[37.0, 1.5], [37.4, 1.5], [37.4, 1.9], [37.0, 1.9], [37.0, 1.5]]]}}"
County,Kirinyaga,Kenya,KE-20,"{""type"": ""Feature"", ""properties"": {""name"": ""Kirinyaga"", ""code"": ""KE-20""}, ""geometry"": {""type"": ""Polygon"", ""coordinates"": [[[37.0, 2.0], [37.4, 2.0], [37.4, 2.4], [37.0, 2.4], [37.0, 2.0]]]}}"
County,Murang'a,Kenya,KE-21,"{""type"": ""Feature"", ""properties"": {""name"": ""Murang'a"", ""code"": ""KE-21""}, ""geometry"": {""type"": ""Polygon"", ""coordinates"": [[[37.5, -1.0], [37.9, -1.0], [37.9, -0.6], [37.5, -0.6], [37.5, -1.0]]]}}"
County,Kiambu,Kenya,KE-22,"{""type"": ""Feature"", ""properties"": {""name"": ""Kiambu"", ""code"": ""KE-22""}, ""geometry"": {""type"": ""Polygon"", ""coordinates"": [[[37.5, -0.5], [37.9, -0.5], [37.9, -0.09999999999999998], [37.5, -0.09999999999999998], [37.5, -0.5]]]}}"
County,Turkana,Kenya,KE-23,"{""type"": ""Feature"", ""properties"": {""name"": ""Turkana"", ""code"": ""KE-23""}, ""geometry"": {""type"": ""Polygon"", ""coordinates"": [[[37.5, 0.0], [37.9, 0.0], [37.9, 0.4], [37.5, 0.4], [37.5, 0.0]]]}}"
County,West Pokot,Kenya,KE-24,"{""type"": ""Feature"", ""properties"": {""name"": ""West Pokot"", ""code"": ""KE-24""}, ""geometry"": {""type"": ""Polygon"", ""coordinates"": [[[37.5, 0.5], [37.9, 0.5], [37.9, 0.9], [37.5, 0.9], [37.5, 0.5]]]}}"
County,Samburu,Kenya,KE-25,"{""type"": ""Feature"", ""properties"": {""name"": ""Samburu"", ""code"": ""KE-25""}, ""geometry"": {""type"": ""Polygon"", ""coordinates"": [[[37.5, 1.0], [37.9, 1.0], [37.9, 1.4], [37.5, 1.4], [37.5, 1.0]]]}}"
County,Trans-Nzoia,Kenya,KE-26,"{""type"": ""Feature"", ""properties"": {""name"": ""Trans-Nzoia"", ""code"": ""KE-26""}, ""geometry"": {""type"": ""Polygon"", ""coordinates"": [[[37.5, 1.5], [37.9, 1.5], [37.9, 1.9], [37.5, 1.9], [37.5, 1.5]]]}}"
County,Uasin Gishu,Kenya,KE-27,"{""type"": ""Feature"", ""properties"": {""name"": ""Uasin Gishu"", ""code"": ""KE-27""}, ""geometry"": {""type"": ""Polygon"", ""coordinates"": [[[37.5, 2.0], [37.9, 2.0], [37.9, 2.4], [37.5, 2.4], [37.5, 2.0]]]}}"
County,Elgeyo-Marakwet,Kenya,KE-28,"{""type"": ""Feature"", ""properties"": {""name"": ""Elgeyo-Marakwet"", ""code"": ""KE-28""}, ""geometry"": {""type"": ""Polygon"", ""coordinates"": [[[38.0, -1.0], [38.4, -1.0], [38.4, -0.6], [38.0, -0.6], [38.0, -1.0]]]}}"
County,Nandi,Kenya,KE-29,"{""type"": ""Feature"", ""properties"": {""name"": ""Nandi"", ""code"": ""KE-29""}, ""geometry"": {""type"": ""Polygon"", ""coordinates"": [[[38.0, -0.5], [38.4, -0.5], [38.4, -0.09999999999999998], [38.0, -0.09999999999999998], [38.0, -0.5]]]}}"
County,Baringo,Kenya,KE-30,"{""type"": ""Feature"", ""properties"": {""name"": ""Baringo"", ""code"": ""KE-30""}, ""geometry"": {""type"": ""Polygon"", ""coordinates"": [[[38.0, 0.0], [38.4, 0.0], [38.4, 0.4], [38.0, 0.4], [38.0, 0.0]]]}}"
County,Laikipia,Kenya,KE-31,"{""type"": ""Feature"", ""properties"": {""name"": ""Laikipia"", ""code"": ""KE-31""}, ""geometry"": {""type"": ""Polygon"", ""coordinates"": [[[38.0, 0.5], [38.4, 0.5], [38.4, 0.9], [38.0, 0.9], [38.0, 0.5]]]}}"
County,Nakuru,Kenya,KE-32,"{""type"": ""Feature"", ""properties"": {""name"": ""Nakuru"", ""code"": ""KE-32""}, ""geometry"": {""type"": ""Polygon"", ""coordinates"": [[[38.0, 1.0], [38.4, 1.0], [38.4, 1.4], [38.0, 1.4], [38.0, 1.0]]]}}"
County,Narok,Kenya,KE-33,"{""type"": ""Feature"", ""properties"": {""name"": ""Narok"", ""code"": ""KE-33""}, ""geometry"": {""type"": ""Polygon"", ""coordinates"": [[[38.0, 1.5], [38.4, 1.5], [38.4, 1.9], [38.0, 1.9], [38.0, 1.5]]]}}"
County,Kajiado,Kenya,KE-34,"{""type"": ""Feature"", ""properties"": {""name"": ""Kajiado"", ""code"": ""KE-34""}, ""geometry"": {""type"": ""Polygon"", ""coordinates"": [[[38.0, 2.0], [38.4, 2.0], [38.4, 2.4], [38.0, 2.4], [38.0, 2.0]]]}}"
County,Kericho,Kenya,KE-35,"{""type"": ""Feature"", ""properties"": {""name"": ""Kericho"", ""code"": ""KE-35""}, ""geometry"": {""type"": ""Polygon"", ""coordinates"": [[[38.5, -1.0], [38.9, -1.0], [38.9, -0.6], [38.5, -0.6], [38.5, -1.0]]]}}"
County,Bomet,Kenya,KE-36,"{""type"": ""Feature"", ""properties"": {""name"": ""Bomet"", ""code"": ""KE-36""}, ""geometry"": {""type"": ""Polygon"", ""coordinates"": [[[38.5, -0.5], [38.9, -0.5], [38.9, -0.09999999999999998], [38.5, -0.09999999999999998], [38.5, -0.5]]]}}"
County,Kakamega,Kenya,KE-37,"{""type"": ""Feature"", ""properties"": {""name"": ""Kakamega"", ""code"": ""KE-37""}, ""geometry"": {""type"": ""Polygon"", ""coordinates"": [[[38.5, 0.0], [38.9, 0.0], [38.9, 0.4], [38.5, 0.4], [38.5, 0.0]]]}}"
County,Vihiga,Kenya,KE-38,"{""type"": ""Feature"", ""properties"": {""name"": ""Vihiga"", ""code"": ""KE-38""}, ""geometry"": {""type"": ""Polygon"", ""coordinates"": [[[38.5, 0.5], [38.9, 0.5], [38.9, 0.9], [38.5, 0.9], [38.5, 0.5]]]}}"
County,Bungoma,Kenya,KE-39,"{""type"": ""Feature"", ""properties"": {""name"": ""Bungoma"", ""code"": ""KE-39""}, ""geometry"": {""type"": ""Polygon"", ""coordinates"": [[[38.5, 1.0], [38.9, 1.0], [38.9, 1.4], [38.5, 1.4], [38.5, 1.0]]]}}"
County,Busia,Kenya,KE-40,"{""type"": ""Feature"", ""properties"": {""name"": ""Busia"", ""code"": ""KE-40""}, ""geometry"": {""type"": ""Polygon"", ""coordinates"": [[[38.5, 1.5], [38.9, 1.5], [38.9, 1.9], [38.5, 1.9], [38.5, 1.5]]]}}"
County,Siaya,Kenya,KE-41,"{""type"": ""Feature"", ""properties"": {""name"": ""Siaya"", ""code"": ""KE-41""}, ""geometry"": {""type"": ""Polygon"", ""coordinates"": [[[38.5, 2.0], [38.9, 2.0], [38.9, 2.4], [38.5, 2.4], [38.5, 2.0]]]}}"
County,Kisumu,Kenya,KE-42,"{""type"": ""Feature"", ""properties"": {""name"": ""Kisumu"", ""code"": ""KE-42""}, ""geometry"": {""type"": ""Polygon"", ""coordinates"": [[[39.0, -1.0], [39.4, -1.0], [39.4, -0.6], [39.0, -0.6], [39.0, -1.0]]]}}"
County,Homa Bay,Kenya,KE-43,"{""type"": ""Feature"", ""properties"": {""name"": ""Homa Bay"", ""code"": ""KE-43""}, ""geometry"": {""type"": ""Polygon"", ""coordinates"": [[[39.0, -0.5], [39.4, -0.5], [39.4, -0.09999999999999998], [39.0, -0.09999999999999998], [39.0, -0.5]]]}}"
County,Migori,Kenya,KE-44,"{""type"": ""Feature"", ""properties"": {""name"": ""Migori"", ""code"": ""KE-44""}, ""geometry"": {""type"": ""Polygon"", ""coordinates"": [[[39.0, 0.0], [39.4, 0.0], [39.4, 0.4], [39.0, 0.4], [39.0, 0.0]]]}}"
County,Kisii,Kenya,KE-45,"{""type"": ""Feature"", ""properties"": {""name"": ""Kisii"", ""code"": ""KE-45""}, ""geometry"": {""type"": ""Polygon"", ""coordinates"": [[[39.0, 0.5], [39.4, 0.5], [39.4, 0.9], [39.0, 0.9], [39.0, 0.5]]]}}"
County,Nyamira,Kenya,KE-46,"{""type"": ""Feature"", ""properties"": {""name"": ""Nyamira"", ""code"": ""KE-46""}, ""geometry"": {""type"": ""Polygon"", ""coordinates"": [[[39.0, 1.0], [39.4, 1.0], [39.4, 1.4], [39.0, 1.4], [39.0, 1.0]]]}}"
County,Nairobi,Kenya,KE-47,"{""type"": ""Feature"", ""properties"": {""name"": ""Nairobi"", ""code"": ""KE-47""}, ""geometry"": {""type"": ""Polygon"", ""coordinates"": [[[39.0, 1.5], [39.4, 1.5], [39.4, 1.9], [39.0, 1.9], [39.0, 1.5]]]}}"
